interval	F1	cutoff
150_180	0.6225596529284165	25
160_190	0.7611111111111111	25
170_200	0.821917808219178	25
180_210	0.671863926293409	20
210_240	0.6296875	25
220_250	0.5831987075928917	25
230_260	0.741733690795353	25
240_270	0.8152866242038217	25
250_280	0.7514231499051234	30
260_290	0.7799442896935933	25
